Entity_ID:ID,Entity_Name,:Label,CreateTimeStamp,EFFDT,TERMDT,HashKey,Version,Status,Entity_Type,Entity_Parent_Name,Entity_Parent_Type,coordinate,Snipets
PO7N774GOJPB2J84Q6EC5U8ER,*,Column,20230801172336,20230801172336,99991231000000,PO7N774GOJPB2J84Q6EC5U8ER,1,I,Column,fct_orders,Table,`[{"hashCode":"0","x":6,"y":12},{"hashCode":"0","x":6,"y":13}]`,`    select * from analytics.DBT_GGITHIRI.fct_orders`
3RVOCMQ2NJC6MJAM47GIMMDKQ2,amount,Column,20230801172336,20230801172336,99991231000000,3RVOCMQ2NJC6MJAM47GIMMDKQ2,1,I,Column,fct_orders,Table,`[{"hashCode":"0","x":15,"y":13},{"hashCode":"0","x":15,"y":19}]`,`        sum(amount) as lifetime_value`
5F075UOUC98T1818AMP199BGNC,customer_id,Column,20230801172336,20230801172336,99991231000000,5F075UOUC98T1818AMP199BGNC,1,I,Column,fct_orders,Table,`[{"hashCode":"0","x":11,"y":9},{"hashCode":"0","x":11,"y":20}]`,`        customer_id,`
4D7LVUF54EMFVH1HGJIKLH7HM0,order_date,Column,20230801172336,20230801172336,99991231000000,4D7LVUF54EMFVH1HGJIKLH7HM0,1,I,Column,fct_orders,Table,`[{"hashCode":"0","x":12,"y":13},{"hashCode":"0","x":12,"y":23}]`,`        min(order_date) as first_order_date,`
4RTBMNOHC6GOV31Q6M8VSHSD17,order_id,Column,20230801172336,20230801172336,99991231000000,4RTBMNOHC6GOV31Q6M8VSHSD17,1,I,Column,fct_orders,Table,`[{"hashCode":"0","x":14,"y":15},{"hashCode":"0","x":14,"y":23}]`,`        count(order_id) as number_of_orders,`
2K8D5MQEPCLC979L9RPCNPS8GJ,*,Column,20230801172336,20230801172336,99991231000000,2K8D5MQEPCLC979L9RPCNPS8GJ,1,I,Column,stg_customers,Table,`[{"hashCode":"0","x":2,"y":12},{"hashCode":"0","x":2,"y":13}]`,`    select * from analytics.DBT_GGITHIRI.stg_customers`
57UPAVRUGC6A428091D35ILQ3O,customer_id,Column,20230801172336,20230801172336,99991231000000,57UPAVRUGC6A428091D35ILQ3O,1,I,Column,stg_customers,Table,`[{"hashCode":"0","x":32,"y":12},{"hashCode":"0","x":32,"y":33}]`,`        on customers.customer_id = customer_orders.customer_id`
2C6S0Q9SLIVLSKRKR6HA1SBSCV,first_name,Column,20230801172336,20230801172336,99991231000000,2C6S0Q9SLIVLSKRKR6HA1SBSCV,1,I,Column,stg_customers,Table,`[{"hashCode":"0","x":23,"y":9},{"hashCode":"0","x":23,"y":29}]`,`        customers.first_name,`
6JIJ09I6AH0QO5RU906O5GM5VS,last_name,Column,20230801172336,20230801172336,99991231000000,6JIJ09I6AH0QO5RU906O5GM5VS,1,I,Column,stg_customers,Table,`[{"hashCode":"0","x":24,"y":9},{"hashCode":"0","x":24,"y":28}]`,`        customers.last_name,`
9F0QUKT7H6D3F87H4QNJLQKJ7,*,Column,20230801172336,20230801172336,99991231000000,9F0QUKT7H6D3F87H4QNJLQKJ7,1,I,Column,CTE-CUSTOMERS-1,With_cte,`[{"hashCode":"0","x":2,"y":12},{"hashCode":"0","x":2,"y":13}]`,`    select * from analytics.DBT_GGITHIRI.stg_customers`
26KUS9EUU1MO25T2VDPMJ7TMHO,CUSTOMER_ID,Column,20230801172336,20230801172336,99991231000000,26KUS9EUU1MO25T2VDPMJ7TMHO,1,I,Column,CTE-CUSTOMERS-1,With_cte,`[{"hashCode":"0","x":2,"y":12},{"hashCode":"0","x":2,"y":13}]`,`    select * from analytics.DBT_GGITHIRI.stg_customers`
PE9QB9K47GFSFBPNTLN35ODHI,FIRST_NAME,Column,20230801172336,20230801172336,99991231000000,PE9QB9K47GFSFBPNTLN35ODHI,1,I,Column,CTE-CUSTOMERS-1,With_cte,`[{"hashCode":"0","x":2,"y":12},{"hashCode":"0","x":2,"y":13}]`,`    select * from analytics.DBT_GGITHIRI.stg_customers`
2PGAHH00L3R1JBICMK990JDKEG,LAST_NAME,Column,20230801172336,20230801172336,99991231000000,2PGAHH00L3R1JBICMK990JDKEG,1,I,Column,CTE-CUSTOMERS-1,With_cte,`[{"hashCode":"0","x":2,"y":12},{"hashCode":"0","x":2,"y":13}]`,`    select * from analytics.DBT_GGITHIRI.stg_customers`
M52FG5NNT2U3P5PQNT1HCBMT8,customer_id,Column,20230801172336,20230801172336,99991231000000,M52FG5NNT2U3P5PQNT1HCBMT8,1,I,Column,CTE-CUSTOMER_ORDERS-1,With_cte,`[{"hashCode":"0","x":11,"y":9},{"hashCode":"0","x":11,"y":20}]`,`        customer_id,`
1FGPPONSJACMRFEOHUP0B0B0LO,first_order_date,Column,20230801172336,20230801172336,99991231000000,1FGPPONSJACMRFEOHUP0B0B0LO,1,I,Column,CTE-CUSTOMER_ORDERS-1,With_cte,`[{"hashCode":"0","x":12,"y":9},{"hashCode":"0","x":12,"y":44}]`,`        min(order_date) as first_order_date,`
59MKQ7C4GIC34MFBPTJG9SFSP4,lifetime_value,Column,20230801172336,20230801172336,99991231000000,59MKQ7C4GIC34MFBPTJG9SFSP4,1,I,Column,CTE-CUSTOMER_ORDERS-1,With_cte,`[{"hashCode":"0","x":15,"y":9},{"hashCode":"0","x":15,"y":38}]`,`        sum(amount) as lifetime_value`
63T1HV4MV2297LDIKQ3L8U4KP4,most_recent_order_date,Column,20230801172336,20230801172336,99991231000000,63T1HV4MV2297LDIKQ3L8U4KP4,1,I,Column,CTE-CUSTOMER_ORDERS-1,With_cte,`[{"hashCode":"0","x":13,"y":9},{"hashCode":"0","x":13,"y":50}]`,`        max(order_date) as most_recent_order_date,`
1U6MVRTRDBPFDUJ2P7TI5KART0,number_of_orders,Column,20230801172336,20230801172336,99991231000000,1U6MVRTRDBPFDUJ2P7TI5KART0,1,I,Column,CTE-CUSTOMER_ORDERS-1,With_cte,`[{"hashCode":"0","x":14,"y":9},{"hashCode":"0","x":14,"y":44}]`,`        count(order_id) as number_of_orders,`
5OHQ1KS5I1MF0RNA2HKA3KD15M,RelationRows,Column,20230801172336,20230801172336,99991231000000,5OHQ1KS5I1MF0RNA2HKA3KD15M,1,I,Column,CTE-FINAL-1,With_cte,`[{"hashCode":"0","x":35,"y":15},{"hashCode":"0","x":35,"y":20}]`,`select * from final`
1OTR7NMBE4USFHP1JMG7AQDOU6,customer_id,Column,20230801172336,20230801172336,99991231000000,1OTR7NMBE4USFHP1JMG7AQDOU6,1,I,Column,CTE-FINAL-1,With_cte,`[{"hashCode":"0","x":22,"y":9},{"hashCode":"0","x":22,"y":30}]`,`        customers.customer_id,`
5PF0VMAMKH73FLF9L8SSK8QHFM,first_name,Column,20230801172336,20230801172336,99991231000000,5PF0VMAMKH73FLF9L8SSK8QHFM,1,I,Column,CTE-FINAL-1,With_cte,`[{"hashCode":"0","x":23,"y":9},{"hashCode":"0","x":23,"y":29}]`,`        customers.first_name,`
7UHQBOFEDVSE89RG5H66OGN4C,first_order_date,Column,20230801172336,20230801172336,99991231000000,7UHQBOFEDVSE89RG5H66OGN4C,1,I,Column,CTE-FINAL-1,With_cte,`[{"hashCode":"0","x":25,"y":9},{"hashCode":"0","x":25,"y":41}]`,`        customer_orders.first_order_date,`
F7LHFQOOF91HACITR4H7KD4D4,last_name,Column,20230801172336,20230801172336,99991231000000,F7LHFQOOF91HACITR4H7KD4D4,1,I,Column,CTE-FINAL-1,With_cte,`[{"hashCode":"0","x":24,"y":9},{"hashCode":"0","x":24,"y":28}]`,`        customers.last_name,`
2II30F6FNPT3BTI3M2V6TR1VB,lifetime_value,Column,20230801172336,20230801172336,99991231000000,2II30F6FNPT3BTI3M2V6TR1VB,1,I,Column,CTE-FINAL-1,With_cte,`[{"hashCode":"0","x":27,"y":9},{"hashCode":"0","x":27,"y":39}]`,`        customer_orders.lifetime_value,`
1Q2S7C7PLUN13TL0255ODGRG50,most_recent_order_date,Column,20230801172336,20230801172336,99991231000000,1Q2S7C7PLUN13TL0255ODGRG50,1,I,Column,CTE-FINAL-1,With_cte,`[{"hashCode":"0","x":26,"y":9},{"hashCode":"0","x":26,"y":47}]`,`        customer_orders.most_recent_order_date,`
3GG7AUV5JIQ7HEKNQ8BH6GK5NV,number_of_orders,Column,20230801172336,20230801172336,99991231000000,3GG7AUV5JIQ7HEKNQ8BH6GK5NV,1,I,Column,CTE-FINAL-1,With_cte,`[{"hashCode":"0","x":28,"y":9},{"hashCode":"0","x":28,"y":74}]`,`        coalesce(customer_orders.number_of_orders, 0) as number_of_orders`
35SNICA0NCUKQ9RTFO6RBMVHRL,*,Column,20230801172336,20230801172336,99991231000000,35SNICA0NCUKQ9RTFO6RBMVHRL,1,I,Column,CTE-ORDERS-1,With_cte,`[{"hashCode":"0","x":6,"y":12},{"hashCode":"0","x":6,"y":13}]`,`    select * from analytics.DBT_GGITHIRI.fct_orders`
13OTF7VUT2CB0V0C89A0U92AMT,AMOUNT,Column,20230801172336,20230801172336,99991231000000,13OTF7VUT2CB0V0C89A0U92AMT,1,I,Column,CTE-ORDERS-1,With_cte,`[{"hashCode":"0","x":6,"y":12},{"hashCode":"0","x":6,"y":13}]`,`    select * from analytics.DBT_GGITHIRI.fct_orders`
40DMG0K1Q3D358M7U2AM3H8DJC,CUSTOMER_ID,Column,20230801172336,20230801172336,99991231000000,40DMG0K1Q3D358M7U2AM3H8DJC,1,I,Column,CTE-ORDERS-1,With_cte,`[{"hashCode":"0","x":6,"y":12},{"hashCode":"0","x":6,"y":13}]`,`    select * from analytics.DBT_GGITHIRI.fct_orders`
3J6QBS1N2TA4EDLPTG59PKNFAN,ORDER_DATE,Column,20230801172336,20230801172336,99991231000000,3J6QBS1N2TA4EDLPTG59PKNFAN,1,I,Column,CTE-ORDERS-1,With_cte,`[{"hashCode":"0","x":6,"y":12},{"hashCode":"0","x":6,"y":13}]`,`    select * from analytics.DBT_GGITHIRI.fct_orders`
71NLVB2O5VDNTQU67HR3D7AGO2,ORDER_ID,Column,20230801172336,20230801172336,99991231000000,71NLVB2O5VDNTQU67HR3D7AGO2,1,I,Column,CTE-ORDERS-1,With_cte,`[{"hashCode":"0","x":6,"y":12},{"hashCode":"0","x":6,"y":13}]`,`    select * from analytics.DBT_GGITHIRI.fct_orders`
3DB32S22717BNASV8MQEL7JNSE,RelationRows,Column,20230801172336,20230801172336,99991231000000,3DB32S22717BNASV8MQEL7JNSE,1,I,Column,CTE-ORDERS-1,With_cte,`[{"hashCode":"0","x":16,"y":10},{"hashCode":"0","x":16,"y":16}]`,`    from orders`
4NNFSUNSI94T7ETIKKR0FFCPKN,*,Column,20230801172336,20230801172336,99991231000000,4NNFSUNSI94T7ETIKKR0FFCPKN,1,I,Column,RS-1,Select_list,`[{"hashCode":"0","x":2,"y":12},{"hashCode":"0","x":2,"y":13}]`,`    select * from analytics.DBT_GGITHIRI.stg_customers`
1EPKUSPMRRBJJEJ87P8ET83HPT,FIRST_NAME,Column,20230801172336,20230801172336,99991231000000,1EPKUSPMRRBJJEJ87P8ET83HPT,1,I,Column,RS-1,Select_list,`[{"hashCode":"0","x":2,"y":12},{"hashCode":"0","x":2,"y":13}]`,`    select * from analytics.DBT_GGITHIRI.stg_customers`
6M16DAU5149QM8HS2TR9QVEN7I,LAST_NAME,Column,20230801172336,20230801172336,99991231000000,6M16DAU5149QM8HS2TR9QVEN7I,1,I,Column,RS-1,Select_list,`[{"hashCode":"0","x":2,"y":12},{"hashCode":"0","x":2,"y":13}]`,`    select * from analytics.DBT_GGITHIRI.stg_customers`
65HQUN3LPK36F5TFS1OD9AC4M2,customer_id,Column,20230801172336,20230801172336,99991231000000,65HQUN3LPK36F5TFS1OD9AC4M2,1,I,Column,RS-1,Select_list,`[{"hashCode":"0","x":22,"y":9},{"hashCode":"0","x":22,"y":30}]`,`        customers.customer_id,`
3ALPATRST0K36PBGG58Q9RTE3R,*,Column,20230801172336,20230801172336,99991231000000,3ALPATRST0K36PBGG58Q9RTE3R,1,I,Column,RS-2,Select_list,`[{"hashCode":"0","x":6,"y":12},{"hashCode":"0","x":6,"y":13}]`,`    select * from analytics.DBT_GGITHIRI.fct_orders`
7KP7S7RERMVESN72PE4LSRTITK,AMOUNT,Column,20230801172336,20230801172336,99991231000000,7KP7S7RERMVESN72PE4LSRTITK,1,I,Column,RS-2,Select_list,`[{"hashCode":"0","x":6,"y":12},{"hashCode":"0","x":6,"y":13}]`,`    select * from analytics.DBT_GGITHIRI.fct_orders`
6O7HU25H2DPOO9QHPQ29MKTRJI,CUSTOMER_ID,Column,20230801172336,20230801172336,99991231000000,6O7HU25H2DPOO9QHPQ29MKTRJI,1,I,Column,RS-2,Select_list,`[{"hashCode":"0","x":6,"y":12},{"hashCode":"0","x":6,"y":13}]`,`    select * from analytics.DBT_GGITHIRI.fct_orders`
2EDQKDOISGUPV0M70GSBB5NN8D,ORDER_DATE,Column,20230801172336,20230801172336,99991231000000,2EDQKDOISGUPV0M70GSBB5NN8D,1,I,Column,RS-2,Select_list,`[{"hashCode":"0","x":6,"y":12},{"hashCode":"0","x":6,"y":13}]`,`    select * from analytics.DBT_GGITHIRI.fct_orders`
1H180C02MFV0D5HQL2PMHRTU6C,ORDER_ID,Column,20230801172336,20230801172336,99991231000000,1H180C02MFV0D5HQL2PMHRTU6C,1,I,Column,RS-2,Select_list,`[{"hashCode":"0","x":6,"y":12},{"hashCode":"0","x":6,"y":13}]`,`    select * from analytics.DBT_GGITHIRI.fct_orders`
3UAM8OMQSRDT9F1G1KT3RP2E32,customer_id,Column,20230801172336,20230801172336,99991231000000,3UAM8OMQSRDT9F1G1KT3RP2E32,1,I,Column,RS-3,Select_list,`[{"hashCode":"0","x":11,"y":9},{"hashCode":"0","x":11,"y":20}]`,`        customer_id,`
1439MER1T46D8PMIFV1BEL5QRT,first_order_date,Column,20230801172336,20230801172336,99991231000000,1439MER1T46D8PMIFV1BEL5QRT,1,I,Column,RS-3,Select_list,`[{"hashCode":"0","x":12,"y":9},{"hashCode":"0","x":12,"y":44}]`,`        min(order_date) as first_order_date,`
5H9P60FHL939QHFHPVFS18737Q,lifetime_value,Column,20230801172336,20230801172336,99991231000000,5H9P60FHL939QHFHPVFS18737Q,1,I,Column,RS-3,Select_list,`[{"hashCode":"0","x":15,"y":9},{"hashCode":"0","x":15,"y":38}]`,`        sum(amount) as lifetime_value`
2II6SU5CJV250O7N2ABSAN5COL,most_recent_order_date,Column,20230801172336,20230801172336,99991231000000,2II6SU5CJV250O7N2ABSAN5COL,1,I,Column,RS-3,Select_list,`[{"hashCode":"0","x":13,"y":9},{"hashCode":"0","x":13,"y":50}]`,`        max(order_date) as most_recent_order_date,`
2OIMPDT2DRK6IFLHHJ7V1BQ7MC,number_of_orders,Column,20230801172336,20230801172336,99991231000000,2OIMPDT2DRK6IFLHHJ7V1BQ7MC,1,I,Column,RS-3,Select_list,`[{"hashCode":"0","x":14,"y":9},{"hashCode":"0","x":14,"y":44}]`,`        count(order_id) as number_of_orders,`
2Q21FA342TSSSK7M0A4H7HMRCE,RelationRows,Column,20230801172336,20230801172336,99991231000000,2Q21FA342TSSSK7M0A4H7HMRCE,1,I,Column,RS-4,Select_list,`[{"hashCode":"0","x":22,"y":9},{"hashCode":"0","x":28,"y":74}]`,`        customers.customer_id,`
581QCL109IFN4KCQ9OH7P323B5,customer_id,Column,20230801172336,20230801172336,99991231000000,581QCL109IFN4KCQ9OH7P323B5,1,I,Column,RS-4,Select_list,`[{"hashCode":"0","x":22,"y":9},{"hashCode":"0","x":22,"y":30}]`,`        customers.customer_id,`
2QSRGB8VUJ8GND57UDBI6IAEU8,first_name,Column,20230801172336,20230801172336,99991231000000,2QSRGB8VUJ8GND57UDBI6IAEU8,1,I,Column,RS-4,Select_list,`[{"hashCode":"0","x":23,"y":9},{"hashCode":"0","x":23,"y":29}]`,`        customers.first_name,`
5ILJKO7CQG5VS9A8H5UOH3B9BO,first_order_date,Column,20230801172336,20230801172336,99991231000000,5ILJKO7CQG5VS9A8H5UOH3B9BO,1,I,Column,RS-4,Select_list,`[{"hashCode":"0","x":25,"y":9},{"hashCode":"0","x":25,"y":41}]`,`        customer_orders.first_order_date,`
1TM0OVFGCD0UMO55G21UBO6C5,last_name,Column,20230801172336,20230801172336,99991231000000,1TM0OVFGCD0UMO55G21UBO6C5,1,I,Column,RS-4,Select_list,`[{"hashCode":"0","x":24,"y":9},{"hashCode":"0","x":24,"y":28}]`,`        customers.last_name,`
46DNQ90HA6RA9650E1US872SQE,lifetime_value,Column,20230801172336,20230801172336,99991231000000,46DNQ90HA6RA9650E1US872SQE,1,I,Column,RS-4,Select_list,`[{"hashCode":"0","x":27,"y":9},{"hashCode":"0","x":27,"y":39}]`,`        customer_orders.lifetime_value,`
3S3PO94PE191K4H3N0D0HF7H9G,most_recent_order_date,Column,20230801172336,20230801172336,99991231000000,3S3PO94PE191K4H3N0D0HF7H9G,1,I,Column,RS-4,Select_list,`[{"hashCode":"0","x":26,"y":9},{"hashCode":"0","x":26,"y":47}]`,`        customer_orders.most_recent_order_date,`
543LVS9P6P1ORC2JVGNBS1P54A,number_of_orders,Column,20230801172336,20230801172336,99991231000000,543LVS9P6P1ORC2JVGNBS1P54A,1,I,Column,RS-4,Select_list,`[{"hashCode":"0","x":28,"y":9},{"hashCode":"0","x":28,"y":74}]`,`        coalesce(customer_orders.number_of_orders, 0) as number_of_orders`
1A1I4F8I95HTR3M1CS9CJR60FB,RelationRows,Column,20230801172336,20230801172336,99991231000000,1A1I4F8I95HTR3M1CS9CJR60FB,1,I,Column,RS-5,Select_list,`[{"hashCode":"0","x":35,"y":8},{"hashCode":"0","x":35,"y":9}]`,`select * from final`
10TC2NV91QQ2VGBHQARTFFE8NP,customer_id,Column,20230801172336,20230801172336,99991231000000,10TC2NV91QQ2VGBHQARTFFE8NP,1,I,Column,RS-5,Select_list,`[{"hashCode":"0","x":35,"y":8},{"hashCode":"0","x":35,"y":9}]`,`select * from final`
U21N54MCJ3Q0E270OV40L3H1O,first_name,Column,20230801172336,20230801172336,99991231000000,U21N54MCJ3Q0E270OV40L3H1O,1,I,Column,RS-5,Select_list,`[{"hashCode":"0","x":35,"y":8},{"hashCode":"0","x":35,"y":9}]`,`select * from final`
2712ST54ECCNHSRHVTSUA97F6B,first_order_date,Column,20230801172336,20230801172336,99991231000000,2712ST54ECCNHSRHVTSUA97F6B,1,I,Column,RS-5,Select_list,`[{"hashCode":"0","x":35,"y":8},{"hashCode":"0","x":35,"y":9}]`,`select * from final`
88TQNLS1939HKOCDPJNN89PNG,last_name,Column,20230801172336,20230801172336,99991231000000,88TQNLS1939HKOCDPJNN89PNG,1,I,Column,RS-5,Select_list,`[{"hashCode":"0","x":35,"y":8},{"hashCode":"0","x":35,"y":9}]`,`select * from final`
3F07LTBEBL0IOHDHCEL631LSQA,lifetime_value,Column,20230801172336,20230801172336,99991231000000,3F07LTBEBL0IOHDHCEL631LSQA,1,I,Column,RS-5,Select_list,`[{"hashCode":"0","x":35,"y":8},{"hashCode":"0","x":35,"y":9}]`,`select * from final`
5POASV3MA0TV0SGPID6IPNNRTC,most_recent_order_date,Column,20230801172336,20230801172336,99991231000000,5POASV3MA0TV0SGPID6IPNNRTC,1,I,Column,RS-5,Select_list,`[{"hashCode":"0","x":35,"y":8},{"hashCode":"0","x":35,"y":9}]`,`select * from final`
4P1UD5LSPVTG06CMO9JL2OTU8J,number_of_orders,Column,20230801172336,20230801172336,99991231000000,4P1UD5LSPVTG06CMO9JL2OTU8J,1,I,Column,RS-5,Select_list,`[{"hashCode":"0","x":35,"y":8},{"hashCode":"0","x":35,"y":9}]`,`select * from final`
7IDEHCLFPLPNFR4SAPJOFPB2LA,coalesce,Column,20230801172336,20230801172336,99991231000000,7IDEHCLFPLPNFR4SAPJOFPB2LA,1,I,Column,coalesce,Function,`[{"hashCode":"0","x":28,"y":9},{"hashCode":"0","x":28,"y":17}]`,`        coalesce(customer_orders.number_of_orders, 0) as number_of_orders`
5VNLUVCR38TGD9DK3DMFIRJMK7,count,Column,20230801172336,20230801172336,99991231000000,5VNLUVCR38TGD9DK3DMFIRJMK7,1,I,Column,count,Function,`[{"hashCode":"0","x":14,"y":9},{"hashCode":"0","x":14,"y":14}]`,`        count(order_id) as number_of_orders,`
441P303RPQLS85CL2071UQPNVC,max,Column,20230801172336,20230801172336,99991231000000,441P303RPQLS85CL2071UQPNVC,1,I,Column,max,Function,`[{"hashCode":"0","x":13,"y":9},{"hashCode":"0","x":13,"y":12}]`,`        max(order_date) as most_recent_order_date,`
6ABAHPM0K7VDSM9EP3EQILL2NS,min,Column,20230801172336,20230801172336,99991231000000,6ABAHPM0K7VDSM9EP3EQILL2NS,1,I,Column,min,Function,`[{"hashCode":"0","x":12,"y":9},{"hashCode":"0","x":12,"y":12}]`,`        min(order_date) as first_order_date,`
3IK3CE6RAKRGVP9LSKN8B2HC8M,sum,Column,20230801172336,20230801172336,99991231000000,3IK3CE6RAKRGVP9LSKN8B2HC8M,1,I,Column,sum,Function,`[{"hashCode":"0","x":15,"y":9},{"hashCode":"0","x":15,"y":12}]`,`        sum(amount) as lifetime_value`
6QD07BDGMTIA3PD677EL9FE8AG,*,Column,20230801172340,20230801172340,99991231000000,6QD07BDGMTIA3PD677EL9FE8AG,1,I,Column,stg_orders,Table,`[{"hashCode":"0","x":2,"y":12},{"hashCode":"0","x":2,"y":13}]`,
5I16H4G6LT8QOP7CESOJ2LT0KC,customer_id,Column,20230801172340,20230801172340,99991231000000,5I16H4G6LT8QOP7CESOJ2LT0KC,1,I,Column,stg_orders,Table,`[{"hashCode":"0","x":22,"y":9},{"hashCode":"0","x":22,"y":27}]`,
38JJOSEQD6FESFBBGUA0L1F83R,order_date,Column,20230801172340,20230801172340,99991231000000,38JJOSEQD6FESFBBGUA0L1F83R,1,I,Column,stg_orders,Table,`[{"hashCode":"0","x":23,"y":9},{"hashCode":"0","x":23,"y":26}]`,
76HBRKNBGS5832OB82LSSJKPKJ,order_id,Column,20230801172340,20230801172340,99991231000000,76HBRKNBGS5832OB82LSSJKPKJ,1,I,Column,stg_orders,Table,`[{"hashCode":"0","x":27,"y":33},{"hashCode":"0","x":27,"y":48}]`,
1DM3DM9P1AIB7M77O3BLACGJIU,*,Column,20230801172340,20230801172340,99991231000000,1DM3DM9P1AIB7M77O3BLACGJIU,1,I,Column,stg_payments,Table,`[{"hashCode":"0","x":6,"y":12},{"hashCode":"0","x":6,"y":13}]`,
JMEJQISNS3MKLLB3S8VJQQN5V,amount,Column,20230801172340,20230801172340,99991231000000,JMEJQISNS3MKLLB3S8VJQQN5V,1,I,Column,stg_payments,Table,`[{"hashCode":"0","x":12,"y":47},{"hashCode":"0","x":12,"y":53}]`,
4M4TBNNN0NG1FO5CJP3UTUF7A2,order_id,Column,20230801172340,20230801172340,99991231000000,4M4TBNNN0NG1FO5CJP3UTUF7A2,1,I,Column,stg_payments,Table,`[{"hashCode":"0","x":11,"y":9},{"hashCode":"0","x":11,"y":17}]`,
1TK90LHSUGQ2U3G3QI6M984J0Q,status,Column,20230801172340,20230801172340,99991231000000,1TK90LHSUGQ2U3G3QI6M984J0Q,1,I,Column,stg_payments,Table,`[{"hashCode":"0","x":12,"y":23},{"hashCode":"0","x":12,"y":29}]`,
7TDU7NK8SIFJJKBJ54FO1CEOEF,amount,Column,20230801172340,20230801172340,99991231000000,7TDU7NK8SIFJJKBJ54FO1CEOEF,1,I,Column,CTE-FINAL-1,With_cte,`[{"hashCode":"0","x":24,"y":9},{"hashCode":"0","x":24,"y":53}]`,
65K6EPF9AQK6G258VEUG0HT8FJ,customer_id,Column,20230801172340,20230801172340,99991231000000,65K6EPF9AQK6G258VEUG0HT8FJ,1,I,Column,CTE-FINAL-1,With_cte,`[{"hashCode":"0","x":22,"y":9},{"hashCode":"0","x":22,"y":27}]`,
5KRP9FSEKU9JRRM95GNGV3920,order_date,Column,20230801172340,20230801172340,99991231000000,5KRP9FSEKU9JRRM95GNGV3920,1,I,Column,CTE-FINAL-1,With_cte,`[{"hashCode":"0","x":23,"y":9},{"hashCode":"0","x":23,"y":26}]`,
38AEMHRF1VFLPVG1RIB16BIPBK,order_id,Column,20230801172340,20230801172340,99991231000000,38AEMHRF1VFLPVG1RIB16BIPBK,1,I,Column,CTE-FINAL-1,With_cte,`[{"hashCode":"0","x":21,"y":9},{"hashCode":"0","x":21,"y":24}]`,
2HDMETLVDLNS1KDDJ4S1AEPBPV,*,Column,20230801172340,20230801172340,99991231000000,2HDMETLVDLNS1KDDJ4S1AEPBPV,1,I,Column,CTE-ORDERS-1,With_cte,`[{"hashCode":"0","x":2,"y":12},{"hashCode":"0","x":2,"y":13}]`,
6TEG0C1NJS6EVCDLU7SVL66DTF,CUSTOMER_ID,Column,20230801172340,20230801172340,99991231000000,6TEG0C1NJS6EVCDLU7SVL66DTF,1,I,Column,CTE-ORDERS-1,With_cte,`[{"hashCode":"0","x":2,"y":12},{"hashCode":"0","x":2,"y":13}]`,
12ME4J7A58P4L7DUFRO05RDH4I,ORDER_DATE,Column,20230801172340,20230801172340,99991231000000,12ME4J7A58P4L7DUFRO05RDH4I,1,I,Column,CTE-ORDERS-1,With_cte,`[{"hashCode":"0","x":2,"y":12},{"hashCode":"0","x":2,"y":13}]`,
4Q1DDAA5JDA2OP823CVUUTRB1N,ORDER_ID,Column,20230801172340,20230801172340,99991231000000,4Q1DDAA5JDA2OP823CVUUTRB1N,1,I,Column,CTE-ORDERS-1,With_cte,`[{"hashCode":"0","x":2,"y":12},{"hashCode":"0","x":2,"y":13}]`,
81DUM9DNUDG2H320NBQ1S651C,amount,Column,20230801172340,20230801172340,99991231000000,81DUM9DNUDG2H320NBQ1S651C,1,I,Column,CTE-ORDER_PAYMENTS-1,With_cte,`[{"hashCode":"0","x":12,"y":9},{"hashCode":"0","x":12,"y":68}]`,
4215DHR1490L50U3SGAFH8QBC2,order_id,Column,20230801172340,20230801172340,99991231000000,4215DHR1490L50U3SGAFH8QBC2,1,I,Column,CTE-ORDER_PAYMENTS-1,With_cte,`[{"hashCode":"0","x":11,"y":9},{"hashCode":"0","x":11,"y":17}]`,
2LT58GPP23UV2LSAGT6AQ6H5JP,*,Column,20230801172340,20230801172340,99991231000000,2LT58GPP23UV2LSAGT6AQ6H5JP,1,I,Column,CTE-PAYMENTS-1,With_cte,`[{"hashCode":"0","x":6,"y":12},{"hashCode":"0","x":6,"y":13}]`,
782J1KRSVV7P7Q3IQ413G0TDLD,AMOUNT,Column,20230801172340,20230801172340,99991231000000,782J1KRSVV7P7Q3IQ413G0TDLD,1,I,Column,CTE-PAYMENTS-1,With_cte,`[{"hashCode":"0","x":6,"y":12},{"hashCode":"0","x":6,"y":13}]`,
U0TGNJS50NIOV89E01DD9V2B2,ORDER_ID,Column,20230801172340,20230801172340,99991231000000,U0TGNJS50NIOV89E01DD9V2B2,1,I,Column,CTE-PAYMENTS-1,With_cte,`[{"hashCode":"0","x":6,"y":12},{"hashCode":"0","x":6,"y":13}]`,
41ENJR9R2CA84TEE6HSO3R5S31,STATUS,Column,20230801172340,20230801172340,99991231000000,41ENJR9R2CA84TEE6HSO3R5S31,1,I,Column,CTE-PAYMENTS-1,With_cte,`[{"hashCode":"0","x":6,"y":12},{"hashCode":"0","x":6,"y":13}]`,
5IQG1H5CVMMQMCCP0P525EK9AK,CUSTOMER_ID,Column,20230801172340,20230801172340,99991231000000,5IQG1H5CVMMQMCCP0P525EK9AK,1,I,Column,RS-1,Select_list,`[{"hashCode":"0","x":2,"y":12},{"hashCode":"0","x":2,"y":13}]`,
7T2TBOHML59F2PK783Q9IK47BN,ORDER_DATE,Column,20230801172340,20230801172340,99991231000000,7T2TBOHML59F2PK783Q9IK47BN,1,I,Column,RS-1,Select_list,`[{"hashCode":"0","x":2,"y":12},{"hashCode":"0","x":2,"y":13}]`,
6AL33404AENKKKAFR3QTRFI4HO,order_id,Column,20230801172340,20230801172340,99991231000000,6AL33404AENKKKAFR3QTRFI4HO,1,I,Column,RS-1,Select_list,`[{"hashCode":"0","x":21,"y":9},{"hashCode":"0","x":21,"y":24}]`,
50017P9ARCJHJLIKKDAGCQV2UQ,*,Column,20230801172340,20230801172340,99991231000000,50017P9ARCJHJLIKKDAGCQV2UQ,1,I,Column,RS-2,Select_list,`[{"hashCode":"0","x":6,"y":12},{"hashCode":"0","x":6,"y":13}]`,
53N2HUMURUC65OA7CFG260BS96,AMOUNT,Column,20230801172340,20230801172340,99991231000000,53N2HUMURUC65OA7CFG260BS96,1,I,Column,RS-2,Select_list,`[{"hashCode":"0","x":6,"y":12},{"hashCode":"0","x":6,"y":13}]`,
427381TN0R2E9M16L69EJHDC6R,ORDER_ID,Column,20230801172340,20230801172340,99991231000000,427381TN0R2E9M16L69EJHDC6R,1,I,Column,RS-2,Select_list,`[{"hashCode":"0","x":6,"y":12},{"hashCode":"0","x":6,"y":13}]`,
67V93IA6E2C0M13RH4KI4UJFRO,status,Column,20230801172340,20230801172340,99991231000000,67V93IA6E2C0M13RH4KI4UJFRO,1,I,Column,RS-2,Select_list,`[{"hashCode":"0","x":12,"y":23},{"hashCode":"0","x":12,"y":29}]`,
9TTHLRGUFBM2KTDJFD2HRVL67,amount,Column,20230801172340,20230801172340,99991231000000,9TTHLRGUFBM2KTDJFD2HRVL67,1,I,Column,RS-3,Select_list,`[{"hashCode":"0","x":12,"y":9},{"hashCode":"0","x":12,"y":68}]`,
6E502SGQMK9DMJJCSUNT56QDLP,order_id,Column,20230801172340,20230801172340,99991231000000,6E502SGQMK9DMJJCSUNT56QDLP,1,I,Column,RS-3,Select_list,`[{"hashCode":"0","x":11,"y":9},{"hashCode":"0","x":11,"y":17}]`,
6R6Q1PRPTD36H7NN3K76O1RT3J,RelationRows,Column,20230801172340,20230801172340,99991231000000,6R6Q1PRPTD36H7NN3K76O1RT3J,1,I,Column,RS-4,Select_list,`[{"hashCode":"0","x":21,"y":9},{"hashCode":"0","x":24,"y":53}]`,
422VKOTDN3TUT1UP813DDQAGH5,amount,Column,20230801172340,20230801172340,99991231000000,422VKOTDN3TUT1UP813DDQAGH5,1,I,Column,RS-4,Select_list,`[{"hashCode":"0","x":24,"y":9},{"hashCode":"0","x":24,"y":53}]`,
U3ULB0T6D8NL43RAAR85DFQ67,customer_id,Column,20230801172340,20230801172340,99991231000000,U3ULB0T6D8NL43RAAR85DFQ67,1,I,Column,RS-4,Select_list,`[{"hashCode":"0","x":22,"y":9},{"hashCode":"0","x":22,"y":27}]`,
14J4QCR8QQDC11Q09HFNGDF0AB,order_date,Column,20230801172340,20230801172340,99991231000000,14J4QCR8QQDC11Q09HFNGDF0AB,1,I,Column,RS-4,Select_list,`[{"hashCode":"0","x":23,"y":9},{"hashCode":"0","x":23,"y":26}]`,
7TSUG3H44OI8RJ4KL3DPSQVH6H,order_id,Column,20230801172340,20230801172340,99991231000000,7TSUG3H44OI8RJ4KL3DPSQVH6H,1,I,Column,RS-4,Select_list,`[{"hashCode":"0","x":21,"y":9},{"hashCode":"0","x":21,"y":24}]`,
22ULKOL0J3ISMF2GLC0FVP55B9,RelationRows,Column,20230801172340,20230801172340,99991231000000,22ULKOL0J3ISMF2GLC0FVP55B9,1,I,Column,RS-5,Select_list,`[{"hashCode":"0","x":30,"y":8},{"hashCode":"0","x":30,"y":9}]`,
35HG5C76R5I0D0SSRRHG0OGP3P,amount,Column,20230801172340,20230801172340,99991231000000,35HG5C76R5I0D0SSRRHG0OGP3P,1,I,Column,RS-5,Select_list,`[{"hashCode":"0","x":30,"y":8},{"hashCode":"0","x":30,"y":9}]`,
4Q6G6VK62MS83L8D5SS9QE0MH9,customer_id,Column,20230801172340,20230801172340,99991231000000,4Q6G6VK62MS83L8D5SS9QE0MH9,1,I,Column,RS-5,Select_list,`[{"hashCode":"0","x":30,"y":8},{"hashCode":"0","x":30,"y":9}]`,
5Q0LT79DKGOP4G87H5H2RJMVOV,order_date,Column,20230801172340,20230801172340,99991231000000,5Q0LT79DKGOP4G87H5H2RJMVOV,1,I,Column,RS-5,Select_list,`[{"hashCode":"0","x":30,"y":8},{"hashCode":"0","x":30,"y":9}]`,
2O4EGK34Q105V2DDIL3EQFMIGT,order_id,Column,20230801172340,20230801172340,99991231000000,2O4EGK34Q105V2DDIL3EQFMIGT,1,I,Column,RS-5,Select_list,`[{"hashCode":"0","x":30,"y":8},{"hashCode":"0","x":30,"y":9}]`,
28NGBNL3B6J8NHVEDQ9LR86EEU,case-when,Column,20230801172340,20230801172340,99991231000000,28NGBNL3B6J8NHVEDQ9LR86EEU,1,I,Column,case-when,Function,`[{"hashCode":"0","x":12,"y":18},{"hashCode":"0","x":12,"y":53}]`,
3ICGVKAEMSGVLHJUL8PVQFTAD0,coalesce,Column,20230801172340,20230801172340,99991231000000,3ICGVKAEMSGVLHJUL8PVQFTAD0,1,I,Column,coalesce,Function,`[{"hashCode":"0","x":24,"y":9},{"hashCode":"0","x":24,"y":17}]`,
41MV5VEHNOJ2H70KF0NAFV6IF9,sum,Column,20230801172340,20230801172340,99991231000000,41MV5VEHNOJ2H70KF0NAFV6IF9,1,I,Column,sum,Function,`[{"hashCode":"0","x":12,"y":9},{"hashCode":"0","x":12,"y":12}]`,
13D1CV73R1IJ0TPMULRNE156NL,*,Column,20230801172348,20230801172348,99991231000000,13D1CV73R1IJ0TPMULRNE156NL,1,I,Column,stg_payments,Table,`[{"hashCode":"0","x":2,"y":12},{"hashCode":"0","x":2,"y":13}]`,
265GOFDUIAOEA5JEOCDCNILTPB,amount,Column,20230801172348,20230801172348,99991231000000,265GOFDUIAOEA5JEOCDCNILTPB,1,I,Column,stg_payments,Table,`[{"hashCode":"0","x":10,"y":64},{"hashCode":"0","x":10,"y":70}]`,
69PTHJSNJUR0DRK3UF52DKVLML,order_id,Column,20230801172348,20230801172348,99991231000000,69PTHJSNJUR0DRK3UF52DKVLML,1,I,Column,stg_payments,Table,`[{"hashCode":"0","x":7,"y":9},{"hashCode":"0","x":7,"y":17}]`,
1FNMNJ7L5FL7MMKPS7G8VS9FMV,payment_method,Column,20230801172348,20230801172348,99991231000000,1FNMNJ7L5FL7MMKPS7G8VS9FMV,1,I,Column,stg_payments,Table,`[{"hashCode":"0","x":10,"y":26},{"hashCode":"0","x":10,"y":40}]`,
29UM8G83G2DSHRTHU33JEOBF5F,bank_transfer_a,Column,20230801172348,20230801172348,99991231000000,29UM8G83G2DSHRTHU33JEOBF5F,1,I,Column,CTE-FINAL-1,With_cte,`[{"hashCode":"0","x":8,"y":13},{"hashCode":"0","x":13,"y":33}]`,
29VFK42IM0SR3TPK79V0HUTS3N,coupon_a,Column,20230801172348,20230801172348,99991231000000,29VFK42IM0SR3TPK79V0HUTS3N,1,I,Column,CTE-FINAL-1,With_cte,`[{"hashCode":"0","x":20,"y":13},{"hashCode":"0","x":25,"y":26}]`,
1E06DV3NGSABN6JQR1HNPV25N0,credit_card_a,Column,20230801172348,20230801172348,99991231000000,1E06DV3NGSABN6JQR1HNPV25N0,1,I,Column,CTE-FINAL-1,With_cte,`[{"hashCode":"0","x":14,"y":13},{"hashCode":"0","x":19,"y":31}]`,
4B8O3B2LKVQ88NN1LB99OT99KS,gift_card_a,Column,20230801172348,20230801172348,99991231000000,4B8O3B2LKVQ88NN1LB99OT99KS,1,I,Column,CTE-FINAL-1,With_cte,`[{"hashCode":"0","x":26,"y":13},{"hashCode":"0","x":31,"y":29}]`,
46613809I8RN5DL11QFFMSEF7A,order_id,Column,20230801172348,20230801172348,99991231000000,46613809I8RN5DL11QFFMSEF7A,1,I,Column,CTE-FINAL-1,With_cte,`[{"hashCode":"0","x":7,"y":9},{"hashCode":"0","x":7,"y":17}]`,
1JRBGG1IHMVM8VUA45DJ080OVO,*,Column,20230801172348,20230801172348,99991231000000,1JRBGG1IHMVM8VUA45DJ080OVO,1,I,Column,CTE-PAYMENTS-1,With_cte,`[{"hashCode":"0","x":2,"y":12},{"hashCode":"0","x":2,"y":13}]`,
43KJ7P7H0O8IH06K03L0618HU8,AMOUNT,Column,20230801172348,20230801172348,99991231000000,43KJ7P7H0O8IH06K03L0618HU8,1,I,Column,CTE-PAYMENTS-1,With_cte,`[{"hashCode":"0","x":2,"y":12},{"hashCode":"0","x":2,"y":13}]`,
4QQRCSBKMS50AM67E9N2ADR169,ORDER_ID,Column,20230801172348,20230801172348,99991231000000,4QQRCSBKMS50AM67E9N2ADR169,1,I,Column,CTE-PAYMENTS-1,With_cte,`[{"hashCode":"0","x":2,"y":12},{"hashCode":"0","x":2,"y":13}]`,
5SHIFFMEE582ITDVAE6TC3MC3R,PAYMENT_METHOD,Column,20230801172348,20230801172348,99991231000000,5SHIFFMEE582ITDVAE6TC3MC3R,1,I,Column,CTE-PAYMENTS-1,With_cte,`[{"hashCode":"0","x":2,"y":12},{"hashCode":"0","x":2,"y":13}]`,
2HJNMQ3G6RDNN04EMV3MSEIBR7,AMOUNT,Column,20230801172348,20230801172348,99991231000000,2HJNMQ3G6RDNN04EMV3MSEIBR7,1,I,Column,RS-1,Select_list,`[{"hashCode":"0","x":2,"y":12},{"hashCode":"0","x":2,"y":13}]`,
4N4690C1PJFRMB6CEEJ6DMTPF9,ORDER_ID,Column,20230801172348,20230801172348,99991231000000,4N4690C1PJFRMB6CEEJ6DMTPF9,1,I,Column,RS-1,Select_list,`[{"hashCode":"0","x":2,"y":12},{"hashCode":"0","x":2,"y":13}]`,
JHKD3CT2768J6E26J5710GBFF,payment_method,Column,20230801172348,20230801172348,99991231000000,JHKD3CT2768J6E26J5710GBFF,1,I,Column,RS-1,Select_list,`[{"hashCode":"0","x":10,"y":26},{"hashCode":"0","x":10,"y":40}]`,
372FB2BINCJP6934K585TNQHL6,bank_transfer_a,Column,20230801172348,20230801172348,99991231000000,372FB2BINCJP6934K585TNQHL6,1,I,Column,RS-2,Select_list,`[{"hashCode":"0","x":8,"y":13},{"hashCode":"0","x":13,"y":33}]`,
59L8R6M0BSNB6LGJFB61H2P42D,coupon_a,Column,20230801172348,20230801172348,99991231000000,59L8R6M0BSNB6LGJFB61H2P42D,1,I,Column,RS-2,Select_list,`[{"hashCode":"0","x":20,"y":13},{"hashCode":"0","x":25,"y":26}]`,
2PVEIDVSIK19S1VL57VHFOM5V0,credit_card_a,Column,20230801172348,20230801172348,99991231000000,2PVEIDVSIK19S1VL57VHFOM5V0,1,I,Column,RS-2,Select_list,`[{"hashCode":"0","x":14,"y":13},{"hashCode":"0","x":19,"y":31}]`,
28RDUT95D94OA3UUE2AENBORRL,gift_card_a,Column,20230801172348,20230801172348,99991231000000,28RDUT95D94OA3UUE2AENBORRL,1,I,Column,RS-2,Select_list,`[{"hashCode":"0","x":26,"y":13},{"hashCode":"0","x":31,"y":29}]`,
2FPKR9E4GQOF2JIC7JBOOPDAHI,order_id,Column,20230801172348,20230801172348,99991231000000,2FPKR9E4GQOF2JIC7JBOOPDAHI,1,I,Column,RS-2,Select_list,`[{"hashCode":"0","x":7,"y":9},{"hashCode":"0","x":7,"y":17}]`,
4FLD20MFO61J9I1I9T5183F445,bank_transfer_a,Column,20230801172348,20230801172348,99991231000000,4FLD20MFO61J9I1I9T5183F445,1,I,Column,RS-3,Select_list,`[{"hashCode":"0","x":36,"y":8},{"hashCode":"0","x":36,"y":9}]`,
5NEI0T4HHTNT5M17J468HBQUBN,coupon_a,Column,20230801172348,20230801172348,99991231000000,5NEI0T4HHTNT5M17J468HBQUBN,1,I,Column,RS-3,Select_list,`[{"hashCode":"0","x":36,"y":8},{"hashCode":"0","x":36,"y":9}]`,
4CLTGINGOVIOPGOEIENVKPPN5P,credit_card_a,Column,20230801172348,20230801172348,99991231000000,4CLTGINGOVIOPGOEIENVKPPN5P,1,I,Column,RS-3,Select_list,`[{"hashCode":"0","x":36,"y":8},{"hashCode":"0","x":36,"y":9}]`,
4PJHA12G1DU96SF73F3Q19B0MS,gift_card_a,Column,20230801172348,20230801172348,99991231000000,4PJHA12G1DU96SF73F3Q19B0MS,1,I,Column,RS-3,Select_list,`[{"hashCode":"0","x":36,"y":8},{"hashCode":"0","x":36,"y":9}]`,
59TQCSKKNDV3SO65MTN5NC243H,order_id,Column,20230801172348,20230801172348,99991231000000,59TQCSKKNDV3SO65MTN5NC243H,1,I,Column,RS-3,Select_list,`[{"hashCode":"0","x":36,"y":8},{"hashCode":"0","x":36,"y":9}]`,
EMPKVTJ3C51MLTGIV2CSB4N6D,case-when,Column,20230801172348,20230801172348,99991231000000,EMPKVTJ3C51MLTGIV2CSB4N6D,1,I,Column,case-when,Function,`[{"hashCode":"0","x":16,"y":21},{"hashCode":"0","x":16,"y":68}]`,
422P9T9IF5NBSD421GSPICTQEP,case-when,Column,20230801172348,20230801172348,99991231000000,422P9T9IF5NBSD421GSPICTQEP,1,I,Column,case-when,Function,`[{"hashCode":"0","x":10,"y":21},{"hashCode":"0","x":10,"y":70}]`,
1LRK90H64SCV3N5FFU4NOAT66B,case-when,Column,20230801172348,20230801172348,99991231000000,1LRK90H64SCV3N5FFU4NOAT66B,1,I,Column,case-when,Function,`[{"hashCode":"0","x":28,"y":21},{"hashCode":"0","x":28,"y":66}]`,
6TRIV1DTUQ9DM5TVSOSJBSO5ER,case-when,Column,20230801172348,20230801172348,99991231000000,6TRIV1DTUQ9DM5TVSOSJBSO5ER,1,I,Column,case-when,Function,`[{"hashCode":"0","x":22,"y":21},{"hashCode":"0","x":22,"y":63}]`,
2R059RFDPNE94BBU9FL6OK1JKM,sum,Column,20230801172348,20230801172348,99991231000000,2R059RFDPNE94BBU9FL6OK1JKM,1,I,Column,sum,Function,`[{"hashCode":"0","x":8,"y":13},{"hashCode":"0","x":8,"y":16}]`,
5BF2U1LIDFQ9T0RBJTI2ENR3F3,sum,Column,20230801172348,20230801172348,99991231000000,5BF2U1LIDFQ9T0RBJTI2ENR3F3,1,I,Column,sum,Function,`[{"hashCode":"0","x":26,"y":13},{"hashCode":"0","x":26,"y":16}]`,
4L51H4B5Q4FR01KD9RL9CKUKRV,sum,Column,20230801172348,20230801172348,99991231000000,4L51H4B5Q4FR01KD9RL9CKUKRV,1,I,Column,sum,Function,`[{"hashCode":"0","x":20,"y":13},{"hashCode":"0","x":20,"y":16}]`,
4QF6786D6G7OU1B7P47LKQ6F95,sum,Column,20230801172348,20230801172348,99991231000000,4QF6786D6G7OU1B7P47LKQ6F95,1,I,Column,sum,Function,`[{"hashCode":"0","x":14,"y":13},{"hashCode":"0","x":14,"y":16}]`,
1ST7QMV874DLF8FBR1D4RVNOJJ,first_name,Column,20230801172349,20230801172349,99991231000000,1ST7QMV874DLF8FBR1D4RVNOJJ,1,I,Column,customers,Table,`[{"hashCode":"0","x":3,"y":5},{"hashCode":"0","x":3,"y":15}]`,
7KJMO8IS0P2T4NP9EBR7QG61PG,id,Column,20230801172349,20230801172349,99991231000000,7KJMO8IS0P2T4NP9EBR7QG61PG,1,I,Column,customers,Table,`[{"hashCode":"0","x":2,"y":5},{"hashCode":"0","x":2,"y":7}]`,
7I8RIVKSEHH12EFGC554V04O6S,last_name,Column,20230801172349,20230801172349,99991231000000,7I8RIVKSEHH12EFGC554V04O6S,1,I,Column,customers,Table,`[{"hashCode":"0","x":4,"y":5},{"hashCode":"0","x":4,"y":14}]`,
4DFF5VAF3CVRVMJ548HDLS35RO,customer_id,Column,20230801172349,20230801172349,99991231000000,4DFF5VAF3CVRVMJ548HDLS35RO,1,I,Column,RS-1,Select_list,`[{"hashCode":"0","x":2,"y":5},{"hashCode":"0","x":2,"y":22}]`,
7E0BRBN5JNIND8RTP83JHPCLHH,first_name,Column,20230801172349,20230801172349,99991231000000,7E0BRBN5JNIND8RTP83JHPCLHH,1,I,Column,RS-1,Select_list,`[{"hashCode":"0","x":3,"y":5},{"hashCode":"0","x":3,"y":15}]`,
B6RBKNBO5QEOIO6FKH4I5GNKG,last_name,Column,20230801172349,20230801172349,99991231000000,B6RBKNBO5QEOIO6FKH4I5GNKG,1,I,Column,RS-1,Select_list,`[{"hashCode":"0","x":4,"y":5},{"hashCode":"0","x":4,"y":14}]`,
29F0VRE7Q6HC2390ACP6UQ9BAO,id,Column,20230801172351,20230801172351,99991231000000,29F0VRE7Q6HC2390ACP6UQ9BAO,1,I,Column,orders,Table,`[{"hashCode":"0","x":2,"y":5},{"hashCode":"0","x":2,"y":7}]`,
31EO9MKLFBLB88IN0P54CV9NTE,order_date,Column,20230801172351,20230801172351,99991231000000,31EO9MKLFBLB88IN0P54CV9NTE,1,I,Column,orders,Table,`[{"hashCode":"0","x":4,"y":5},{"hashCode":"0","x":4,"y":15}]`,
39M6FB9OTNVOSFDMSU5C4JAD13,status,Column,20230801172351,20230801172351,99991231000000,39M6FB9OTNVOSFDMSU5C4JAD13,1,I,Column,orders,Table,`[{"hashCode":"0","x":5,"y":5},{"hashCode":"0","x":5,"y":11}]`,
64VVKP2ER1SL1BCAU3EKEBU2P1,user_id,Column,20230801172351,20230801172351,99991231000000,64VVKP2ER1SL1BCAU3EKEBU2P1,1,I,Column,orders,Table,`[{"hashCode":"0","x":3,"y":5},{"hashCode":"0","x":3,"y":12}]`,
3RGE77D5O8IRN3KBDMSUFRNS02,customer_id,Column,20230801172351,20230801172351,99991231000000,3RGE77D5O8IRN3KBDMSUFRNS02,1,I,Column,RS-1,Select_list,`[{"hashCode":"0","x":3,"y":5},{"hashCode":"0","x":3,"y":27}]`,
7S35T2LVJ8LG4AP5D0EO0AFF6R,order_date,Column,20230801172351,20230801172351,99991231000000,7S35T2LVJ8LG4AP5D0EO0AFF6R,1,I,Column,RS-1,Select_list,`[{"hashCode":"0","x":4,"y":5},{"hashCode":"0","x":4,"y":15}]`,
4KAB36G0H3QA8VNHLHBGRKGGQE,order_id,Column,20230801172351,20230801172351,99991231000000,4KAB36G0H3QA8VNHLHBGRKGGQE,1,I,Column,RS-1,Select_list,`[{"hashCode":"0","x":2,"y":5},{"hashCode":"0","x":2,"y":19}]`,
198FMC7LUQLSF1NC03DM82EDB0,status,Column,20230801172351,20230801172351,99991231000000,198FMC7LUQLSF1NC03DM82EDB0,1,I,Column,RS-1,Select_list,`[{"hashCode":"0","x":5,"y":5},{"hashCode":"0","x":5,"y":11}]`,
T45IO3C3RKULUJ0U4FBLLE6EO,amount,Column,20230801172353,20230801172353,99991231000000,T45IO3C3RKULUJ0U4FBLLE6EO,1,I,Column,payment,Table,`[{"hashCode":"0","x":7,"y":18},{"hashCode":"0","x":7,"y":24}]`,
1EMSIGTT0MRT1E1I55PG732765,created,Column,20230801172353,20230801172353,99991231000000,1EMSIGTT0MRT1E1I55PG732765,1,I,Column,payment,Table,`[{"hashCode":"0","x":8,"y":5},{"hashCode":"0","x":8,"y":12}]`,
172HRHBVUESG2U7BM9ESHH0QKR,id,Column,20230801172353,20230801172353,99991231000000,172HRHBVUESG2U7BM9ESHH0QKR,1,I,Column,payment,Table,`[{"hashCode":"0","x":2,"y":5},{"hashCode":"0","x":2,"y":7}]`,
41OSIJDSUNBJGS65B4GU98BGRH,orderid,Column,20230801172353,20230801172353,99991231000000,41OSIJDSUNBJGS65B4GU98BGRH,1,I,Column,payment,Table,`[{"hashCode":"0","x":3,"y":5},{"hashCode":"0","x":3,"y":12}]`,
F76JUADDDD6LK2MCHAOO6C6BC,paymentmethod,Column,20230801172353,20230801172353,99991231000000,F76JUADDDD6LK2MCHAOO6C6BC,1,I,Column,payment,Table,`[{"hashCode":"0","x":4,"y":5},{"hashCode":"0","x":4,"y":18}]`,
3264H33R44J20BGNJO0OMNPQFF,status,Column,20230801172353,20230801172353,99991231000000,3264H33R44J20BGNJO0OMNPQFF,1,I,Column,payment,Table,`[{"hashCode":"0","x":5,"y":5},{"hashCode":"0","x":5,"y":11}]`,
2K7BUQ9TB6KBE40U4M909Q2PA7,amount,Column,20230801172353,20230801172353,99991231000000,2K7BUQ9TB6KBE40U4M909Q2PA7,1,I,Column,RS-1,Select_list,`[{"hashCode":"0","x":7,"y":5},{"hashCode":"0","x":7,"y":44}]`,
67DQG3TT6HL18DRVLKM79AP3GS,created_at,Column,20230801172353,20230801172353,99991231000000,67DQG3TT6HL18DRVLKM79AP3GS,1,I,Column,RS-1,Select_list,`[{"hashCode":"0","x":8,"y":5},{"hashCode":"0","x":8,"y":26}]`,
13NKCJ6HBES28PLQAPC0G1J4MR,order_id,Column,20230801172353,20230801172353,99991231000000,13NKCJ6HBES28PLQAPC0G1J4MR,1,I,Column,RS-1,Select_list,`[{"hashCode":"0","x":3,"y":5},{"hashCode":"0","x":3,"y":24}]`,
210TBLICKTO6OAA8OLCS0FELQH,payment_id,Column,20230801172353,20230801172353,99991231000000,210TBLICKTO6OAA8OLCS0FELQH,1,I,Column,RS-1,Select_list,`[{"hashCode":"0","x":2,"y":5},{"hashCode":"0","x":2,"y":21}]`,
12GSU3520TFA0OLL08E3SQHG1V,payment_method,Column,20230801172353,20230801172353,99991231000000,12GSU3520TFA0OLL08E3SQHG1V,1,I,Column,RS-1,Select_list,`[{"hashCode":"0","x":4,"y":5},{"hashCode":"0","x":4,"y":36}]`,
7BM72U8SJELQT7IVSA59HLL03D,status,Column,20230801172353,20230801172353,99991231000000,7BM72U8SJELQT7IVSA59HLL03D,1,I,Column,RS-1,Select_list,`[{"hashCode":"0","x":5,"y":5},{"hashCode":"0","x":5,"y":11}]`,
7HCIOPCNH8J4IL2H2ABE5CT4MO,round,Column,20230801172353,20230801172353,99991231000000,7HCIOPCNH8J4IL2H2ABE5CT4MO,1,I,Column,round,Function,`[{"hashCode":"0","x":7,"y":5},{"hashCode":"0","x":7,"y":10}]`,

